User_ID,Age,Gender,Platform,Daily_Usage_Time,FOMO_Score,Likes_Per_Day,Comments_Per_Day,Messages_Sent_Per_Day,Productivity_Loss,Mental_Health_Score,Addiction_Level
1,21,Male,Instagram,7.27,6,72,14,21,20.54,2.7300000000000004,Medium
2,34,Female,Twitter,3.26,5,42,13,16,11.52,6.74,Medium
3,29,Male,Instagram,1.88,9,22,3,9,12.76,8.120000000000001,Low
4,25,Female,Twitter,4.32,3,51,21,21,11.64,5.68,Medium
5,22,Male,Snapchat,1.8,4,19,10,14,7.6,8.2,Low
6,21,Male,Twitter,4.4,9,57,26,17,17.8,5.6,Medium
7,33,Female,Snapchat,7.44,6,44,37,59,20.880000000000003,2.5599999999999996,Medium
8,25,Male,Facebook,4.65,8,32,13,41,17.3,5.35,Medium
9,25,Male,Facebook,5.32,7,74,15,21,17.64,4.68,Medium
10,18,Female,Facebook,2.1,2,25,12,6,6.2,7.9,Low
11,22,Male,Twitter,1.31,3,13,7,10,5.62,8.69,Low
12,17,Male,Facebook,1.78,1,24,8,14,4.5600000000000005,8.22,Low
13,16,Female,Instagram,5.19,9,67,15,46,19.380000000000003,4.81,High
14,26,Female,Snapchat,1.67,7,23,10,13,10.34,8.33,Low
15,20,Male,Snapchat,3.63,1,29,10,21,8.26,6.37,Medium
16,16,Male,Instagram,4.85,3,58,29,14,12.7,5.15,Medium
17,15,Female,Twitter,3.72,4,52,7,18,11.440000000000001,6.279999999999999,Medium
18,26,Female,Twitter,2.15,4,15,8,6,8.3,7.85,Low
19,26,Male,Snapchat,2.92,5,20,20,17,10.84,7.08,Low
20,31,Female,Facebook,7.5,3,90,15,67,18.0,2.5,Medium
21,24,Male,Twitter,5.73,3,51,40,51,14.46,4.27,Medium
22,30,Male,Twitter,4.47,1,31,26,17,9.94,5.53,Medium
23,29,Male,Instagram,1.09,7,15,4,3,9.18,8.91,Low
24,29,Male,Instagram,7.95,1,39,31,71,16.9,2.05,Medium
25,33,Male,Facebook,5.7,2,39,34,45,13.4,4.3,Medium
26,26,Female,Twitter,3.22,4,41,19,28,10.440000000000001,6.779999999999999,Medium
27,34,Female,Twitter,7.15,4,64,21,64,18.3,2.8499999999999996,Medium
28,17,Female,Instagram,2.81,5,39,16,25,10.620000000000001,7.1899999999999995,Low
29,19,Female,Twitter,4.81,2,28,24,43,11.62,5.19,Medium
30,33,Male,Snapchat,5.45,4,59,32,27,14.9,4.55,Medium
31,21,Male,Instagram,2.55,1,15,12,12,6.1,7.45,Low
32,23,Male,Facebook,7.85,2,62,47,31,17.7,2.1500000000000004,Medium
33,21,Male,Instagram,6.24,1,68,18,56,13.48,3.76,Medium
34,32,Female,Twitter,4.9,4,39,24,14,13.8,5.1,Medium
35,18,Male,Facebook,2.26,4,24,4,13,8.52,7.74,Low
36,28,Male,Instagram,1.38,7,15,6,5,9.76,8.620000000000001,Low
37,32,Female,Snapchat,3.24,9,16,9,9,15.48,6.76,Medium
38,23,Female,Snapchat,6.27,9,62,43,56,21.54,3.7300000000000004,High
39,16,Female,Instagram,2.89,5,37,14,20,10.780000000000001,7.109999999999999,Low
40,34,Female,Snapchat,4.78,1,28,28,43,10.56,5.22,Medium
41,29,Male,Snapchat,6.1,1,42,36,30,13.2,3.9000000000000004,Medium
42,21,Male,Snapchat,1.76,6,24,12,10,9.52,8.24,Low
43,26,Female,Facebook,5.8,2,52,17,46,13.6,4.2,Medium
44,22,Male,Snapchat,1.64,8,21,6,9,11.28,8.36,Low
45,29,Male,Snapchat,7.76,9,62,46,62,24.52,2.24,High
46,17,Male,Snapchat,4.42,4,22,8,26,12.84,5.58,Medium
47,28,Female,Facebook,2.05,5,16,6,10,9.1,7.95,Low
48,31,Male,Instagram,3.4,8,34,17,27,14.8,6.6,Medium
49,18,Female,Twitter,3.89,3,35,19,11,10.780000000000001,6.109999999999999,Medium
50,32,Male,Snapchat,6.31,5,31,12,50,17.619999999999997,3.6900000000000004,Medium
51,22,Male,Instagram,6.2,3,49,37,24,15.4,3.8,Medium
52,18,Male,Snapchat,5.28,3,52,15,15,13.56,4.72,Medium
53,16,Female,Facebook,1.74,3,24,3,6,6.48,8.26,Low
54,20,Male,Instagram,2.06,7,28,12,18,11.120000000000001,7.9399999999999995,Low
55,24,Female,Facebook,1.66,7,13,4,9,10.32,8.34,Low
56,18,Female,Snapchat,5.04,7,65,25,15,17.08,4.96,Medium
57,32,Female,Snapchat,7.14,8,64,21,42,22.28,2.8600000000000003,High
58,26,Male,Facebook,4.04,5,48,28,36,13.08,5.96,Medium
59,16,Male,Twitter,2.13,5,27,8,14,9.26,7.87,Low
60,24,Male,Facebook,4.91,4,68,14,29,13.82,5.09,Medium
61,18,Male,Snapchat,6.68,7,60,26,60,20.36,3.3200000000000003,Medium
62,28,Female,Facebook,6.19,4,61,18,37,16.380000000000003,3.8099999999999996,Medium
63,30,Female,Twitter,7.17,2,35,28,64,16.34,2.83,Medium
64,29,Female,Facebook,2.95,4,32,20,11,9.9,7.05,Low
65,22,Male,Twitter,2.36,8,18,11,21,12.719999999999999,7.640000000000001,Low
66,28,Female,Twitter,7.16,9,42,42,57,23.32,2.84,High
67,22,Male,Facebook,5.6,3,50,22,39,14.2,4.4,Medium
68,30,Female,Facebook,3.18,7,22,22,19,13.36,6.82,Medium
69,27,Male,Instagram,6.2,9,62,24,55,21.4,3.8,High
70,32,Male,Snapchat,6.71,4,80,33,60,17.42,3.29,Medium
71,29,Female,Twitter,5.3,3,58,21,31,13.6,4.7,Medium
72,27,Female,Instagram,5.82,5,40,40,40,16.64,4.18,Medium
73,23,Female,Facebook,3.63,1,43,25,25,8.26,6.37,Medium
74,29,Female,Snapchat,4.77,3,28,9,42,12.54,5.23,Medium
75,27,Male,Instagram,4.67,8,65,23,14,17.34,5.33,Medium
76,15,Female,Twitter,6.94,8,90,13,27,21.880000000000003,3.0599999999999996,High
77,21,Female,Instagram,6.88,4,55,34,48,17.759999999999998,3.12,Medium
78,23,Female,Twitter,6.83,2,34,27,47,15.66,3.17,Medium
79,15,Male,Facebook,1.08,8,12,7,5,10.16,8.92,Low
80,26,Male,Snapchat,6.25,8,68,12,50,20.5,3.75,High
81,22,Female,Snapchat,6.31,4,56,25,44,16.619999999999997,3.6900000000000004,Medium
82,25,Male,Snapchat,5.75,3,80,40,23,14.5,4.25,Medium
83,33,Female,Facebook,6.29,2,56,31,50,14.58,3.71,Medium
84,31,Male,Twitter,6.89,9,75,48,55,22.78,3.1100000000000003,High
85,22,Male,Facebook,4.29,1,38,17,25,9.58,5.71,Medium
86,17,Male,Snapchat,4.51,7,54,9,27,16.02,5.49,Medium
87,17,Male,Facebook,1.87,5,18,3,11,8.74,8.129999999999999,Low
88,15,Female,Facebook,3.7,8,33,25,22,15.4,6.3,Medium
89,19,Female,Facebook,5.5,4,71,22,27,15.0,4.5,Medium
90,24,Female,Twitter,6.46,7,38,19,45,19.92,3.54,Medium
91,21,Male,Instagram,2.52,5,12,12,15,10.04,7.48,Low
92,23,Female,Instagram,1.96,5,23,9,17,8.92,8.04,Low
93,21,Female,Facebook,5.64,9,39,22,16,20.28,4.36,High
94,23,Female,Instagram,1.01,9,11,3,6,11.02,8.99,Low
95,22,Male,Instagram,2.25,9,31,4,15,13.5,7.75,Low
96,26,Male,Facebook,1.2,6,14,7,7,8.4,8.8,Low
97,16,Male,Facebook,2.17,6,21,13,10,10.34,7.83,Low
98,15,Female,Snapchat,2.27,5,31,9,9,9.54,7.73,Low
99,30,Female,Instagram,3.71,9,48,11,14,16.42,6.29,Medium
100,19,Female,Twitter,3.82,8,42,11,26,15.64,6.18,Medium
101,17,Male,Facebook,7.12,7,99,35,64,21.240000000000002,2.88,Medium
102,26,Male,Snapchat,4.57,7,41,9,18,16.14,5.43,Medium
103,22,Female,Twitter,6.06,6,72,42,24,18.119999999999997,3.9400000000000004,Medium
104,17,Male,Instagram,1.73,5,10,5,5,8.46,8.27,Low
105,15,Male,Snapchat,2.58,4,28,18,18,9.16,7.42,Low
106,17,Male,Facebook,5.92,3,47,35,53,14.84,4.08,Medium
107,19,Male,Twitter,1.37,3,17,9,9,5.74,8.629999999999999,Low
108,29,Female,Facebook,4.41,6,22,8,17,14.82,5.59,Medium
109,28,Male,Instagram,5.2,4,57,10,20,14.4,4.8,Medium
110,17,Male,Twitter,5.22,6,52,36,20,16.439999999999998,4.78,Medium
111,15,Male,Instagram,1.16,3,13,4,9,5.32,8.84,Low
112,19,Male,Instagram,3.25,4,29,9,16,10.5,6.75,Medium
113,28,Female,Snapchat,5.46,9,27,21,32,19.92,4.54,High
114,21,Female,Facebook,2.04,5,10,14,10,9.08,7.96,Low
115,23,Male,Twitter,5.87,7,76,17,41,18.740000000000002,4.13,Medium
116,29,Male,Instagram,6.22,2,87,31,18,14.44,3.7800000000000002,Medium
117,29,Male,Instagram,7.87,5,78,31,47,20.740000000000002,2.13,Medium
118,24,Male,Twitter,2.47,9,34,9,7,13.940000000000001,7.529999999999999,Low
119,27,Male,Instagram,6.78,3,61,47,61,16.560000000000002,3.2199999999999998,Medium
120,33,Male,Snapchat,4.64,9,23,27,37,18.28,5.36,Medium
121,21,Female,Snapchat,3.61,6,36,25,25,13.219999999999999,6.390000000000001,Medium
122,31,Male,Snapchat,1.86,4,18,7,14,7.720000000000001,8.14,Low
123,34,Female,Snapchat,6.15,7,43,18,43,19.3,3.8499999999999996,Medium
124,18,Female,Instagram,2.65,8,31,15,7,13.3,7.35,Low
125,19,Male,Twitter,3.6,6,18,25,10,13.2,6.4,Medium
126,21,Female,Twitter,1.44,5,7,10,4,7.88,8.56,Low
127,27,Female,Twitter,6.61,6,66,26,46,19.22,3.3899999999999997,Medium
128,29,Female,Twitter,6.37,5,89,25,25,17.740000000000002,3.63,Medium
129,25,Female,Facebook,6.14,8,30,30,18,20.28,3.8600000000000003,High
130,18,Female,Twitter,3.1,1,31,21,24,7.2,6.9,Medium
131,27,Female,Facebook,2.21,7,11,8,19,11.42,7.79,Low
132,21,Male,Facebook,5.46,2,54,10,32,12.92,4.54,Medium
133,33,Female,Snapchat,4.47,9,31,26,31,17.939999999999998,5.53,Medium
134,16,Female,Facebook,2.25,1,27,4,18,5.5,7.75,Low
135,24,Female,Instagram,5.8,6,58,34,29,17.6,4.2,Medium
136,27,Male,Facebook,7.94,9,39,55,71,24.880000000000003,2.0599999999999996,High
137,20,Female,Snapchat,6.23,1,56,31,31,13.46,3.7699999999999996,Medium
138,26,Male,Facebook,6.18,4,74,24,37,16.36,3.8200000000000003,Medium
139,26,Female,Instagram,7.65,4,53,30,30,19.3,2.3499999999999996,Medium
140,34,Male,Instagram,2.42,9,24,9,7,13.84,7.58,Low
141,25,Male,Instagram,4.96,5,44,34,34,14.92,5.04,Medium
142,21,Female,Snapchat,7.86,5,78,47,62,20.72,2.1399999999999997,Medium
143,15,Female,Snapchat,2.16,6,30,8,6,10.32,7.84,Low
144,15,Male,Twitter,5.9,1,29,11,47,12.8,4.1,Medium
145,34,Female,Snapchat,5.1,1,56,20,35,11.2,4.9,Medium
146,27,Male,Instagram,5.11,9,66,35,25,19.22,4.89,High
147,23,Male,Instagram,5.88,3,35,29,17,14.76,4.12,Medium
148,17,Male,Snapchat,7.51,4,105,15,45,19.02,2.49,Medium
149,21,Male,Facebook,6.48,1,58,25,25,13.96,3.5199999999999996,Medium
150,20,Male,Snapchat,1.39,9,19,5,8,11.78,8.61,Low
151,22,Female,Snapchat,6.97,8,55,20,27,21.939999999999998,3.0300000000000002,High
152,23,Male,Instagram,2.58,2,25,15,23,7.16,7.42,Low
153,19,Male,Twitter,3.64,8,36,7,29,15.280000000000001,6.359999999999999,Medium
154,15,Female,Instagram,4.23,7,25,12,12,15.46,5.77,Medium
155,33,Male,Twitter,4.37,6,26,21,13,14.74,5.63,Medium
156,24,Female,Instagram,4.05,1,32,24,36,9.1,5.95,Medium
157,26,Female,Snapchat,7.56,7,37,15,30,22.119999999999997,2.4400000000000004,Medium
158,29,Female,Instagram,5.94,7,77,23,29,18.880000000000003,4.06,Medium
159,23,Male,Instagram,5.42,9,59,10,37,19.84,4.58,High
160,34,Male,Instagram,1.35,1,14,5,8,3.7,8.65,Low
161,31,Male,Snapchat,7.33,2,51,43,65,16.66,2.67,Medium
162,31,Female,Snapchat,7.37,9,51,29,58,23.740000000000002,2.63,High
163,34,Male,Snapchat,6.46,9,32,32,58,21.92,3.54,High
164,26,Female,Snapchat,1.05,6,7,7,6,8.1,8.95,Low
165,21,Male,Twitter,1.4,6,9,5,8,8.8,8.6,Low
166,16,Female,Twitter,2.58,4,20,12,20,9.16,7.42,Low
167,17,Male,Facebook,1.92,4,15,13,15,7.84,8.08,Low
168,31,Male,Snapchat,3.79,5,26,22,11,12.58,6.21,Medium
169,19,Male,Twitter,7.46,3,104,44,44,17.92,2.54,Medium
170,31,Female,Instagram,4.3,1,51,8,30,9.6,5.7,Medium
171,31,Female,Snapchat,1.09,1,13,5,7,3.18,8.91,Low
172,31,Male,Facebook,2.98,7,14,14,11,12.96,7.02,Low
173,16,Male,Facebook,1.31,1,14,3,11,3.62,8.69,Low
174,16,Female,Facebook,1.25,1,7,3,10,3.5,8.75,Low
175,19,Female,Instagram,2.93,3,14,20,8,8.86,7.07,Low
176,15,Female,Twitter,2.93,4,20,20,20,9.86,7.07,Low
177,15,Male,Instagram,6.51,4,52,19,32,17.02,3.49,Medium
178,33,Female,Snapchat,7.82,2,78,54,23,17.64,2.1799999999999997,Medium
179,16,Male,Facebook,3.6,1,50,14,10,8.2,6.4,Medium
180,26,Female,Instagram,4.0,3,36,12,28,11.0,6.0,Medium
181,20,Male,Instagram,6.91,4,55,34,34,17.82,3.09,Medium
182,18,Female,Twitter,2.88,3,34,11,11,8.76,7.12,Low
183,25,Female,Twitter,2.09,8,16,14,14,12.18,7.91,Low
184,31,Female,Facebook,6.97,1,97,41,34,14.94,3.0300000000000002,Medium
185,20,Female,Instagram,1.33,2,7,2,3,4.66,8.67,Low
186,19,Female,Instagram,5.34,7,37,16,26,17.68,4.66,Medium
187,34,Male,Twitter,4.93,4,49,29,14,13.86,5.07,Medium
188,16,Female,Instagram,3.42,8,41,23,30,14.84,6.58,Medium
189,20,Female,Instagram,3.21,3,38,16,22,9.42,6.79,Medium
190,25,Female,Instagram,6.4,6,83,12,51,18.8,3.5999999999999996,Medium
191,30,Male,Twitter,1.6,9,17,9,11,12.2,8.4,Low
192,30,Female,Facebook,2.66,1,15,5,23,6.32,7.34,Low
193,15,Male,Snapchat,6.13,1,73,18,36,13.26,3.87,Medium
194,23,Female,Facebook,4.84,8,53,33,29,17.68,5.16,Medium
195,20,Female,Snapchat,1.9,3,22,9,11,6.8,8.1,Low
196,30,Male,Instagram,7.17,5,50,50,50,19.34,2.83,Medium
197,17,Female,Facebook,3.75,1,41,7,15,8.5,6.25,Medium
198,34,Male,Snapchat,6.8,5,95,40,47,18.6,3.2,Medium
199,18,Male,Twitter,6.51,6,84,19,58,19.02,3.49,Medium
200,33,Female,Twitter,5.37,8,37,16,48,18.740000000000002,4.63,High
201,17,Male,Facebook,4.46,3,62,31,35,11.92,5.54,Medium
202,33,Female,Facebook,7.86,3,78,47,39,18.72,2.1399999999999997,Medium
203,34,Female,Instagram,2.01,9,12,12,14,13.02,7.99,Low
204,21,Male,Facebook,6.08,4,36,12,42,16.16,3.92,Medium
205,34,Male,Instagram,2.34,4,21,16,7,8.68,7.66,Low
206,23,Male,Instagram,3.37,7,30,23,30,13.74,6.63,Medium
207,15,Male,Twitter,3.16,2,34,12,9,8.32,6.84,Medium
208,22,Female,Twitter,7.63,8,45,53,22,23.259999999999998,2.37,High
209,21,Female,Snapchat,7.77,6,85,23,54,21.54,2.2300000000000004,Medium
210,32,Male,Twitter,2.28,3,20,4,9,7.56,7.720000000000001,Low
211,22,Female,Twitter,1.15,9,11,6,5,11.3,8.85,Low
212,15,Female,Facebook,6.04,5,72,42,30,17.08,3.96,Medium
213,25,Female,Twitter,3.93,8,55,7,35,15.86,6.07,Medium
214,32,Female,Snapchat,1.62,7,12,11,12,10.24,8.379999999999999,Low
215,24,Male,Facebook,5.79,8,63,34,52,19.58,4.21,High
216,17,Male,Snapchat,4.82,7,48,24,19,16.64,5.18,Medium
217,21,Female,Twitter,7.86,3,110,47,31,18.72,2.1399999999999997,Medium
218,30,Male,Snapchat,2.59,2,15,15,12,7.18,7.41,Low
219,30,Male,Facebook,3.83,7,45,22,22,14.66,6.17,Medium
220,34,Male,Instagram,4.8,3,67,33,14,12.6,5.2,Medium
221,31,Female,Snapchat,6.54,3,85,26,19,16.08,3.46,Medium
222,16,Female,Snapchat,4.84,2,43,29,24,11.68,5.16,Medium
223,15,Female,Facebook,5.29,4,74,15,47,14.58,4.71,Medium
224,30,Male,Facebook,2.58,8,20,7,10,13.16,7.42,Low
225,26,Female,Snapchat,6.93,1,69,13,62,14.86,3.0700000000000003,Medium
226,19,Female,Twitter,4.0,1,48,16,32,9.0,6.0,Medium
227,19,Male,Snapchat,1.99,5,13,3,11,8.98,8.01,Low
228,23,Female,Facebook,5.65,5,79,16,28,16.3,4.35,Medium
229,23,Female,Instagram,2.51,1,12,7,7,6.02,7.49,Low
230,17,Male,Instagram,1.68,6,13,8,11,9.36,8.32,Low
231,33,Male,Twitter,7.03,1,56,42,63,15.06,2.9699999999999998,Medium
232,30,Male,Snapchat,4.22,5,21,12,16,13.44,5.78,Medium
233,30,Female,Instagram,6.24,9,81,43,43,21.48,3.76,High
234,17,Female,Snapchat,3.03,5,21,21,24,11.059999999999999,6.970000000000001,Medium
235,34,Female,Facebook,6.51,6,58,13,32,19.02,3.49,Medium
236,15,Male,Instagram,1.78,8,17,3,16,11.56,8.22,Low
237,34,Male,Twitter,3.49,1,41,20,10,7.98,6.51,Medium
238,25,Female,Facebook,7.85,2,78,47,70,17.7,2.1500000000000004,Medium
239,31,Female,Twitter,6.56,9,45,32,39,22.119999999999997,3.4400000000000004,High
240,22,Male,Facebook,4.48,3,44,17,31,11.96,5.52,Medium
241,18,Male,Instagram,3.38,6,16,6,20,12.76,6.62,Medium
242,20,Male,Twitter,7.1,5,56,42,56,19.2,2.9000000000000004,Medium
243,22,Male,Twitter,4.81,2,48,9,14,11.62,5.19,Medium
244,34,Female,Facebook,6.31,7,69,37,44,19.619999999999997,3.6900000000000004,Medium
245,17,Male,Twitter,6.28,4,87,18,50,16.560000000000002,3.7199999999999998,Medium
246,30,Female,Facebook,1.13,1,7,2,6,3.26,8.870000000000001,Low
247,17,Female,Facebook,1.88,4,24,5,11,7.76,8.120000000000001,Low
248,32,Female,Facebook,5.62,6,61,11,39,17.240000000000002,4.38,Medium
249,28,Male,Facebook,2.13,7,10,8,6,11.26,7.87,Low
250,32,Male,Instagram,2.79,7,16,13,16,12.58,7.21,Low
251,16,Male,Facebook,7.63,7,38,53,38,22.259999999999998,2.37,Medium
252,17,Male,Snapchat,4.92,3,63,34,39,12.84,5.08,Medium
253,30,Female,Twitter,6.26,6,81,43,43,18.52,3.74,Medium
254,23,Male,Snapchat,4.91,8,54,14,19,17.82,5.09,Medium
255,18,Male,Instagram,4.87,4,68,29,19,13.74,5.13,Medium
256,15,Female,Snapchat,1.66,8,11,11,4,11.32,8.34,Low
257,18,Male,Twitter,3.41,2,30,13,17,8.82,6.59,Medium
258,15,Female,Snapchat,2.98,9,23,20,17,14.96,7.02,Low
259,28,Female,Instagram,3.74,9,41,7,14,16.48,6.26,Medium
260,30,Female,Facebook,6.59,8,85,19,19,21.18,3.41,High
261,34,Female,Snapchat,3.6,1,21,7,28,8.2,6.4,Medium
262,22,Female,Instagram,4.16,2,49,8,20,10.32,5.84,Medium
263,21,Female,Instagram,3.78,6,49,7,18,13.559999999999999,6.220000000000001,Medium
264,17,Female,Twitter,1.65,5,23,8,14,8.3,8.35,Low
265,31,Female,Twitter,4.09,9,57,20,12,17.18,5.91,Medium
266,15,Male,Snapchat,2.37,5,30,14,7,9.74,7.63,Low
267,30,Male,Facebook,2.31,2,32,6,20,6.62,7.6899999999999995,Low
268,26,Male,Instagram,1.66,4,18,6,9,7.32,8.34,Low
269,33,Male,Snapchat,3.5,9,45,14,10,16.0,6.5,Medium
270,28,Female,Instagram,6.3,1,81,25,56,13.6,3.7,Medium
271,20,Male,Instagram,2.94,1,20,5,17,6.88,7.0600000000000005,Low
272,20,Female,Facebook,3.19,7,25,15,19,13.379999999999999,6.8100000000000005,Medium
273,27,Male,Facebook,5.5,3,33,16,38,14.0,4.5,Medium
274,33,Male,Snapchat,2.37,2,33,4,11,6.74,7.63,Low
275,22,Male,Facebook,7.28,9,50,36,58,23.560000000000002,2.7199999999999998,High
276,16,Female,Facebook,4.64,3,41,23,23,12.28,5.36,Medium
277,15,Male,Snapchat,4.13,2,37,28,20,10.26,5.87,Medium
278,29,Female,Facebook,4.9,8,49,34,34,17.8,5.1,Medium
279,15,Female,Twitter,2.16,6,23,6,12,10.32,7.84,Low
280,19,Male,Instagram,5.29,6,58,15,31,16.58,4.71,Medium
281,30,Male,Instagram,3.54,7,17,10,10,14.08,6.46,Medium
282,33,Male,Instagram,7.28,7,43,14,50,21.560000000000002,2.7199999999999998,Medium
283,18,Female,Instagram,2.18,6,28,13,6,10.36,7.82,Low
284,17,Male,Snapchat,4.55,4,63,13,31,13.1,5.45,Medium
285,31,Female,Instagram,5.19,9,31,36,15,19.380000000000003,4.81,High
286,31,Female,Instagram,1.23,6,12,7,4,8.46,8.77,Low
287,26,Male,Instagram,3.55,4,17,7,31,11.1,6.45,Medium
288,28,Male,Instagram,6.13,3,42,36,30,15.26,3.87,Medium
289,20,Female,Twitter,6.74,4,40,26,33,17.48,3.26,Medium
290,17,Female,Instagram,3.19,3,22,19,25,9.379999999999999,6.8100000000000005,Medium
291,23,Female,Twitter,6.59,2,59,19,59,15.18,3.41,Medium
292,19,Male,Snapchat,7.77,5,108,15,46,20.54,2.2300000000000004,Medium
293,31,Female,Facebook,7.0,2,70,21,56,16.0,3.0,Medium
294,28,Male,Instagram,1.82,6,23,12,7,9.64,8.18,Low
295,17,Female,Facebook,6.18,3,86,24,49,15.36,3.8200000000000003,Medium
296,15,Female,Facebook,3.24,6,25,22,16,12.48,6.76,Medium
297,34,Male,Snapchat,7.92,9,87,23,47,24.84,2.08,High
298,15,Female,Facebook,4.4,1,44,13,17,9.8,5.6,Medium
299,17,Male,Twitter,1.86,6,11,5,9,9.72,8.14,Low
300,32,Male,Facebook,6.08,9,85,30,54,21.16,3.92,High
301,24,Female,Facebook,3.26,4,39,13,9,10.52,6.74,Medium
302,17,Male,Facebook,7.98,2,87,23,55,17.96,2.0199999999999996,Medium
303,22,Male,Instagram,7.86,4,86,23,31,19.72,2.1399999999999997,Medium
304,28,Female,Instagram,5.59,1,67,39,33,12.18,4.41,Medium
305,32,Male,Twitter,1.91,3,9,13,15,6.82,8.09,Low
306,29,Male,Twitter,5.81,9,29,17,52,20.619999999999997,4.19,High
307,16,Male,Instagram,1.65,5,19,3,13,8.3,8.35,Low
308,24,Female,Twitter,1.21,6,9,6,4,8.42,8.79,Low
309,16,Male,Instagram,6.76,3,60,47,60,16.52,3.24,Medium
310,31,Female,Snapchat,2.47,5,29,4,14,9.940000000000001,7.529999999999999,Low
311,22,Female,Facebook,3.65,8,32,18,14,15.3,6.35,Medium
312,15,Male,Facebook,7.81,6,109,23,46,21.619999999999997,2.1900000000000004,Medium
313,23,Male,Twitter,3.36,4,26,13,26,10.719999999999999,6.640000000000001,Medium
314,25,Male,Instagram,3.08,2,30,18,15,8.16,6.92,Medium
315,30,Female,Instagram,7.43,9,66,44,66,23.86,2.5700000000000003,High
316,21,Male,Twitter,1.78,1,19,5,5,4.5600000000000005,8.22,Low
317,24,Male,Instagram,6.32,1,88,44,31,13.64,3.6799999999999997,Medium
318,17,Male,Snapchat,7.92,4,87,15,23,19.84,2.08,Medium
319,32,Male,Facebook,7.31,7,58,29,58,21.619999999999997,2.6900000000000004,Medium
320,27,Male,Twitter,5.56,1,50,27,50,12.12,4.44,Medium
321,21,Female,Twitter,3.2,9,22,9,16,15.4,6.8,Medium
322,18,Female,Instagram,2.78,4,22,11,13,9.559999999999999,7.220000000000001,Low
323,27,Male,Twitter,6.73,3,53,26,26,16.46,3.2699999999999996,Medium
324,34,Male,Snapchat,7.16,1,50,50,50,15.32,2.84,Medium
325,15,Male,Instagram,4.68,4,65,23,37,13.36,5.32,Medium
326,22,Male,Instagram,2.71,9,24,10,16,14.42,7.29,Low
327,28,Female,Instagram,1.79,6,16,12,14,9.58,8.21,Low
328,30,Male,Instagram,1.61,6,17,3,9,9.22,8.39,Low
329,28,Female,Snapchat,6.03,1,48,42,54,13.06,3.9699999999999998,Medium
330,26,Female,Instagram,3.94,2,31,7,23,9.879999999999999,6.0600000000000005,Medium
331,33,Male,Twitter,7.34,6,95,14,22,20.68,2.66,Medium
332,29,Female,Snapchat,6.18,2,61,24,37,14.36,3.8200000000000003,Medium
333,16,Female,Facebook,2.34,3,18,16,14,7.68,7.66,Low
334,16,Female,Facebook,5.3,4,31,10,21,14.6,4.7,Medium
335,33,Female,Twitter,4.05,5,40,20,20,13.1,5.95,Medium
336,31,Male,Twitter,5.04,9,30,20,40,19.08,4.96,High
337,34,Male,Snapchat,6.17,4,55,43,49,16.34,3.83,Medium
338,24,Female,Facebook,6.64,9,66,46,59,22.28,3.3600000000000003,High
339,20,Male,Facebook,6.91,3,55,41,62,16.82,3.09,Medium
340,29,Male,Facebook,2.78,8,19,19,16,13.559999999999999,7.220000000000001,Low
341,25,Male,Facebook,1.22,1,13,4,8,3.44,8.78,Low
342,19,Male,Facebook,6.18,9,37,30,49,21.36,3.8200000000000003,High
343,15,Male,Instagram,1.74,9,17,12,15,12.48,8.26,Low
344,22,Female,Twitter,3.2,2,25,19,19,8.4,6.8,Medium
345,26,Male,Instagram,1.03,4,10,4,9,6.0600000000000005,8.97,Low
346,26,Male,Facebook,5.77,8,46,11,17,19.54,4.23,High
347,19,Male,Snapchat,2.17,7,17,6,6,11.34,7.83,Low
348,21,Male,Snapchat,5.59,1,44,16,50,12.18,4.41,Medium
349,18,Female,Facebook,7.94,5,103,15,23,20.880000000000003,2.0599999999999996,Medium
350,20,Female,Facebook,1.51,7,16,10,13,10.02,8.49,Low
351,27,Female,Snapchat,1.54,4,10,4,9,7.08,8.46,Low
352,34,Female,Instagram,3.38,1,23,10,13,7.76,6.62,Medium
353,29,Male,Instagram,7.06,9,70,14,49,23.119999999999997,2.9400000000000004,High
354,17,Female,Facebook,2.51,5,25,17,15,10.02,7.49,Low
355,22,Male,Instagram,3.52,2,28,24,14,9.04,6.48,Medium
356,34,Male,Snapchat,1.48,8,19,2,5,10.96,8.52,Low
357,30,Male,Instagram,6.34,2,50,44,50,14.68,3.66,Medium
358,27,Male,Facebook,3.86,3,50,27,23,10.719999999999999,6.140000000000001,Medium
359,32,Male,Snapchat,6.31,1,50,25,37,13.62,3.6900000000000004,Medium
360,24,Female,Instagram,7.33,2,43,29,65,16.66,2.67,Medium
361,33,Female,Twitter,2.63,7,15,5,10,12.26,7.37,Low
362,31,Female,Snapchat,6.65,2,59,33,26,15.3,3.3499999999999996,Medium
363,33,Female,Snapchat,1.41,6,11,4,5,8.82,8.59,Low
364,19,Male,Twitter,7.29,3,80,29,65,17.58,2.71,Medium
365,23,Female,Twitter,5.56,4,50,16,44,15.12,4.44,Medium
366,26,Male,Snapchat,7.12,8,71,42,42,22.240000000000002,2.88,High
367,15,Female,Twitter,1.0,3,14,2,4,5.0,9.0,Low
368,15,Male,Facebook,2.18,6,17,10,6,10.36,7.82,Low
369,29,Male,Facebook,3.73,1,22,22,22,8.46,6.27,Medium
370,16,Female,Facebook,3.66,7,51,21,32,14.32,6.34,Medium
371,30,Male,Snapchat,2.59,8,33,18,20,13.18,7.41,Low
372,22,Male,Twitter,3.67,8,51,22,11,15.34,6.33,Medium
373,27,Female,Twitter,1.9,3,20,3,17,6.8,8.1,Low
374,15,Male,Instagram,3.89,1,31,15,19,8.780000000000001,6.109999999999999,Medium
375,30,Female,Instagram,6.62,9,46,13,39,22.240000000000002,3.38,High
376,21,Female,Twitter,4.35,6,60,17,21,14.7,5.65,Medium
377,19,Female,Twitter,1.13,9,7,6,10,11.26,8.870000000000001,Low
378,17,Male,Twitter,3.95,7,51,23,35,14.9,6.05,Medium
379,26,Male,Snapchat,1.19,1,10,5,10,3.38,8.81,Low
380,30,Male,Twitter,7.76,1,54,31,31,16.52,2.24,Medium
381,33,Female,Instagram,1.89,6,17,11,15,9.78,8.11,Low
382,19,Male,Snapchat,5.95,5,35,41,23,16.9,4.05,Medium
383,28,Female,Twitter,7.81,9,62,23,62,24.619999999999997,2.1900000000000004,High
384,19,Female,Instagram,6.78,2,94,33,47,15.56,3.2199999999999998,Medium
385,29,Male,Snapchat,5.9,8,35,11,23,19.8,4.1,High
386,31,Female,Twitter,6.88,5,41,34,34,18.759999999999998,3.12,Medium
387,28,Male,Twitter,7.87,2,94,23,62,17.740000000000002,2.13,Medium
388,34,Male,Twitter,5.35,6,26,21,21,16.7,4.65,Medium
389,19,Male,Snapchat,4.91,8,54,9,29,17.82,5.09,Medium
390,26,Male,Instagram,5.4,4,48,10,48,14.8,4.6,Medium
391,30,Male,Instagram,4.73,2,56,18,37,11.46,5.27,Medium
392,30,Female,Facebook,5.45,5,27,27,43,15.9,4.55,Medium
393,21,Female,Twitter,4.15,2,45,24,16,10.3,5.85,Medium
394,18,Female,Facebook,2.53,2,22,12,17,7.06,7.470000000000001,Low
395,15,Male,Facebook,1.84,6,14,5,7,9.68,8.16,Low
396,19,Male,Instagram,1.48,9,16,10,7,11.96,8.52,Low
397,24,Male,Snapchat,2.84,4,39,17,14,9.68,7.16,Low
398,19,Female,Snapchat,1.32,6,7,6,10,8.64,8.68,Low
399,18,Male,Instagram,4.97,7,24,34,39,16.939999999999998,5.03,Medium
400,16,Female,Snapchat,2.99,6,14,20,11,11.98,7.01,Low
401,34,Female,Facebook,6.77,8,33,27,33,21.54,3.2300000000000004,High
402,24,Male,Twitter,1.52,4,13,4,7,7.04,8.48,Low
403,33,Male,Instagram,2.58,1,36,7,18,6.16,7.42,Low
404,15,Female,Twitter,6.11,7,67,18,36,19.22,3.8899999999999997,Medium
405,19,Male,Snapchat,5.19,3,31,31,36,13.38,4.81,Medium
406,27,Female,Twitter,1.45,6,20,2,4,8.9,8.55,Low
407,18,Male,Snapchat,7.14,2,85,42,64,16.28,2.8600000000000003,Medium
408,30,Male,Snapchat,7.14,9,57,35,49,23.28,2.8600000000000003,High
409,30,Female,Facebook,3.31,1,23,23,13,7.62,6.6899999999999995,Medium
410,16,Male,Snapchat,3.38,6,47,23,20,12.76,6.62,Medium
411,31,Female,Facebook,7.92,6,95,15,31,21.84,2.08,Medium
412,34,Male,Facebook,5.38,5,32,26,48,15.76,4.62,Medium
413,26,Female,Facebook,4.72,5,33,9,14,14.44,5.28,Medium
414,32,Female,Instagram,6.87,1,48,48,41,14.74,3.13,Medium
415,17,Male,Instagram,3.0,5,42,18,24,11.0,7.0,Low
416,15,Female,Snapchat,4.0,2,20,12,20,10.0,6.0,Medium
417,15,Male,Facebook,2.87,7,28,20,20,12.74,7.13,Low
418,33,Male,Instagram,6.52,3,39,26,26,16.04,3.4800000000000004,Medium
419,25,Male,Facebook,5.01,4,25,15,15,14.02,4.99,Medium
420,19,Female,Twitter,5.61,3,33,39,28,14.22,4.39,Medium
421,26,Female,Twitter,2.77,3,27,16,19,8.54,7.23,Low
422,17,Male,Twitter,2.54,4,20,5,12,9.08,7.46,Low
423,15,Male,Snapchat,4.42,5,44,13,30,13.84,5.58,Medium
424,15,Female,Facebook,6.16,1,80,36,49,13.32,3.84,Medium
425,22,Male,Twitter,4.68,4,65,23,28,13.36,5.32,Medium
426,24,Male,Instagram,1.23,8,17,4,6,10.46,8.77,Low
427,25,Female,Twitter,7.08,7,84,21,35,21.16,2.92,Medium
428,26,Male,Twitter,1.45,9,7,2,7,11.9,8.55,Low
429,27,Female,Twitter,7.69,5,92,38,46,20.380000000000003,2.3099999999999996,Medium
430,26,Male,Snapchat,1.18,4,15,7,3,6.359999999999999,8.82,Low
431,28,Female,Instagram,5.86,8,58,23,41,19.72,4.14,High
432,16,Male,Facebook,1.58,9,22,3,12,12.16,8.42,Low
433,33,Male,Instagram,7.37,7,66,44,36,21.740000000000002,2.63,Medium
434,32,Female,Facebook,4.25,7,42,25,38,15.5,5.75,Medium
435,17,Male,Snapchat,1.96,5,19,5,11,8.92,8.04,Low
436,31,Female,Snapchat,3.39,4,44,10,10,10.780000000000001,6.609999999999999,Medium
437,22,Male,Snapchat,2.15,1,17,4,15,5.3,7.85,Low
438,24,Female,Snapchat,2.19,7,13,15,13,11.379999999999999,7.8100000000000005,Low
439,16,Female,Facebook,7.64,1,99,53,61,16.28,2.3600000000000003,Medium
440,33,Female,Twitter,4.12,1,24,24,32,9.24,5.88,Medium
441,23,Female,Facebook,6.52,5,91,19,45,18.04,3.4800000000000004,Medium
442,21,Male,Instagram,5.48,9,71,21,27,19.96,4.52,High
443,18,Male,Snapchat,5.73,6,34,22,45,17.46,4.27,Medium
444,32,Female,Snapchat,1.92,3,23,11,5,6.84,8.08,Low
445,27,Female,Instagram,2.64,3,34,7,15,8.280000000000001,7.359999999999999,Low
446,25,Female,Facebook,6.51,7,91,13,19,20.02,3.49,Medium
447,18,Male,Twitter,7.8,6,101,15,39,21.6,2.2,Medium
448,18,Male,Twitter,2.84,9,39,5,8,14.68,7.16,Low
449,24,Male,Instagram,2.9,6,37,11,8,11.8,7.1,Low
450,19,Male,Twitter,4.31,5,25,12,17,13.62,5.69,Medium
451,23,Female,Facebook,7.89,7,63,23,23,22.78,2.1100000000000003,Medium
452,17,Female,Facebook,2.88,1,31,11,20,6.76,7.12,Low
453,31,Female,Instagram,3.85,7,23,7,23,14.7,6.15,Medium
454,17,Male,Facebook,7.24,3,36,14,28,17.48,2.76,Medium
455,30,Male,Snapchat,1.02,9,7,6,6,11.04,8.98,Low
456,18,Male,Instagram,1.28,6,10,8,7,8.56,8.72,Low
457,32,Female,Facebook,5.23,9,62,26,26,19.46,4.77,High
458,31,Female,Instagram,7.35,5,73,51,36,19.7,2.6500000000000004,Medium
459,21,Male,Twitter,2.67,7,16,8,10,12.34,7.33,Low
460,19,Female,Facebook,4.29,4,55,12,34,12.58,5.71,Medium
461,26,Male,Snapchat,4.15,7,24,12,37,15.3,5.85,Medium
462,31,Male,Facebook,4.31,1,38,30,21,9.62,5.69,Medium
463,27,Female,Instagram,5.36,7,42,26,48,17.72,4.64,Medium
464,17,Male,Instagram,4.29,8,47,25,21,16.58,5.71,Medium
465,23,Female,Facebook,4.13,5,49,28,20,13.26,5.87,Medium
466,31,Male,Snapchat,4.32,2,38,21,25,10.64,5.68,Medium
467,31,Female,Snapchat,5.14,5,71,10,20,15.28,4.86,Medium
468,34,Female,Snapchat,4.76,6,42,9,28,15.52,5.24,Medium
469,30,Female,Instagram,6.98,2,41,20,48,15.96,3.0199999999999996,Medium
470,27,Male,Facebook,1.35,6,16,5,8,8.7,8.65,Low
471,33,Male,Twitter,6.83,6,40,20,61,19.66,3.17,Medium
472,31,Female,Instagram,6.91,1,96,27,62,14.82,3.09,Medium
473,18,Female,Snapchat,2.99,1,29,14,20,6.98,7.01,Low
474,26,Male,Facebook,4.24,3,50,8,12,11.48,5.76,Medium
475,23,Male,Snapchat,4.07,3,40,28,12,11.14,5.93,Medium
476,33,Male,Twitter,2.53,4,20,10,17,9.059999999999999,7.470000000000001,Low
477,26,Female,Snapchat,3.78,2,30,18,26,9.559999999999999,6.220000000000001,Medium
478,23,Male,Snapchat,1.31,9,13,2,7,11.620000000000001,8.69,Low
479,21,Male,Twitter,2.94,7,23,20,20,12.879999999999999,7.0600000000000005,Low
480,28,Female,Facebook,6.72,7,80,26,26,20.439999999999998,3.2800000000000002,Medium
481,34,Male,Instagram,2.99,6,38,8,8,11.98,7.01,Low
482,33,Male,Facebook,6.73,3,33,20,20,16.46,3.2699999999999996,Medium
483,29,Male,Twitter,4.72,6,37,14,37,15.44,5.28,Medium
484,30,Female,Snapchat,7.16,8,57,35,50,22.32,2.84,High
485,19,Female,Facebook,5.02,8,30,15,25,18.04,4.98,High
486,17,Female,Instagram,1.21,9,12,7,6,11.42,8.79,Low
487,26,Female,Twitter,5.73,1,40,11,40,12.46,4.27,Medium
488,34,Female,Facebook,1.31,1,14,6,5,3.62,8.69,Low
489,18,Female,Instagram,4.15,3,37,29,20,11.3,5.85,Medium
490,30,Female,Twitter,7.51,3,60,22,60,18.02,2.49,Medium
491,21,Male,Instagram,2.16,8,19,4,19,12.32,7.84,Low
492,27,Male,Twitter,3.73,1,44,14,26,8.46,6.27,Medium
493,24,Female,Snapchat,6.11,2,42,18,24,14.22,3.8899999999999997,Medium
494,21,Male,Facebook,7.18,2,78,14,28,16.36,2.8200000000000003,Medium
495,28,Male,Instagram,5.7,3,57,34,34,14.4,4.3,Medium
496,19,Female,Twitter,2.81,6,14,11,11,11.620000000000001,7.1899999999999995,Low
497,17,Male,Instagram,5.72,1,62,34,28,12.44,4.28,Medium
498,25,Male,Instagram,3.08,2,33,21,27,8.16,6.92,Medium
499,25,Male,Facebook,6.03,1,30,12,30,13.06,3.9699999999999998,Medium
500,32,Male,Snapchat,7.68,5,99,46,53,20.36,2.3200000000000003,Medium
501,29,Male,Instagram,6.05,7,60,42,54,19.1,3.95,Medium
502,26,Female,Twitter,7.04,8,42,14,49,22.08,2.96,High
503,23,Female,Twitter,1.01,1,9,2,4,3.02,8.99,Low
504,24,Female,Snapchat,6.02,7,48,36,48,19.04,3.9800000000000004,Medium
505,26,Male,Twitter,6.81,5,74,13,20,18.619999999999997,3.1900000000000004,Medium
506,31,Female,Snapchat,1.28,1,15,3,11,3.56,8.72,Low
507,20,Male,Twitter,7.1,3,35,14,42,17.2,2.9000000000000004,Medium
508,21,Male,Facebook,2.8,7,25,14,8,12.6,7.2,Low
509,28,Male,Instagram,5.66,1,39,39,22,12.32,4.34,Medium
510,27,Male,Facebook,6.6,7,33,13,26,20.2,3.4000000000000004,Medium
511,22,Female,Instagram,5.64,5,39,28,16,16.28,4.36,Medium
512,24,Female,Instagram,1.65,1,16,3,9,4.3,8.35,Low
513,23,Male,Instagram,5.17,1,56,10,46,11.34,4.83,Medium
514,32,Female,Facebook,4.85,1,58,29,43,10.7,5.15,Medium
515,16,Male,Instagram,7.3,9,58,21,21,23.6,2.7,High
516,19,Female,Facebook,3.83,3,26,26,26,10.66,6.17,Medium
517,19,Female,Snapchat,3.25,5,29,9,16,11.5,6.75,Medium
518,20,Male,Twitter,6.25,9,81,25,50,21.5,3.75,High
519,33,Female,Twitter,3.89,6,38,23,27,13.780000000000001,6.109999999999999,Medium
520,22,Male,Instagram,5.52,9,71,33,49,20.04,4.48,High
521,30,Female,Facebook,5.53,8,55,16,27,19.060000000000002,4.47,High
522,27,Male,Twitter,7.22,8,43,43,57,22.439999999999998,2.7800000000000002,High
523,15,Male,Facebook,5.19,1,46,15,41,11.38,4.81,Medium
524,34,Female,Facebook,4.52,9,58,27,36,18.04,5.48,Medium
525,31,Female,Instagram,1.97,6,23,3,7,9.94,8.03,Low
526,21,Male,Twitter,1.81,9,19,5,14,12.620000000000001,8.19,Low
527,27,Female,Instagram,2.08,3,10,6,12,7.16,7.92,Low
528,18,Female,Instagram,2.2,3,17,11,6,7.4,7.8,Low
529,18,Male,Twitter,5.47,6,60,32,49,16.939999999999998,4.53,Medium
530,20,Male,Twitter,6.19,9,68,37,37,21.380000000000003,3.8099999999999996,High
531,33,Female,Snapchat,4.71,7,47,14,14,16.42,5.29,Medium
532,26,Male,Snapchat,6.8,3,81,13,47,16.6,3.2,Medium
533,21,Male,Facebook,7.94,3,79,15,55,18.880000000000003,2.0599999999999996,Medium
534,24,Male,Twitter,6.74,2,94,47,20,15.48,3.26,Medium
535,33,Female,Snapchat,5.86,9,41,11,35,20.72,4.14,High
536,21,Female,Facebook,4.73,3,37,28,14,12.46,5.27,Medium
537,17,Male,Facebook,4.14,5,28,20,33,13.28,5.86,Medium
538,27,Female,Facebook,1.59,9,7,4,6,12.18,8.41,Low
539,27,Male,Snapchat,3.8,8,53,15,34,15.6,6.2,Medium
540,32,Female,Twitter,7.37,2,66,36,51,16.740000000000002,2.63,Medium
541,34,Male,Instagram,6.66,3,33,26,59,16.32,3.34,Medium
542,22,Male,Facebook,2.51,2,12,12,10,7.02,7.49,Low
543,23,Female,Snapchat,4.27,8,25,8,34,16.54,5.73,Medium
544,21,Male,Snapchat,6.72,6,53,40,53,19.439999999999998,3.2800000000000002,Medium
545,15,Female,Instagram,1.47,6,14,5,10,8.94,8.53,Low
546,17,Female,Instagram,3.71,9,44,18,25,16.42,6.29,Medium
547,27,Male,Snapchat,6.96,8,48,41,55,21.92,3.04,High
548,31,Male,Twitter,3.83,4,19,15,19,11.66,6.17,Medium
549,15,Female,Instagram,1.54,4,10,4,13,7.08,8.46,Low
550,20,Male,Snapchat,4.8,9,33,24,19,18.6,5.2,Medium
551,20,Male,Instagram,7.03,1,63,21,63,15.06,2.9699999999999998,Medium
552,26,Male,Twitter,5.13,2,41,10,20,12.26,4.87,Medium
553,27,Male,Facebook,2.58,2,20,7,12,7.16,7.42,Low
554,27,Male,Instagram,3.69,6,47,11,22,13.379999999999999,6.3100000000000005,Medium
555,29,Female,Twitter,4.15,4,45,29,16,12.3,5.85,Medium
556,30,Female,Snapchat,5.05,3,40,25,45,13.1,4.95,Medium
557,25,Male,Instagram,6.32,3,44,12,18,15.64,3.6799999999999997,Medium
558,19,Male,Instagram,1.69,3,16,5,13,6.38,8.31,Low
559,18,Male,Snapchat,7.23,6,50,43,57,20.46,2.7699999999999996,Medium
560,17,Female,Facebook,1.09,8,10,4,5,10.18,8.91,Low
561,33,Male,Snapchat,3.59,7,46,10,14,14.18,6.41,Medium
562,34,Female,Instagram,1.19,4,11,2,7,6.38,8.81,Low
563,32,Female,Snapchat,3.75,4,30,11,15,11.5,6.25,Medium
564,29,Female,Twitter,4.68,2,42,18,37,11.36,5.32,Medium
565,23,Male,Snapchat,4.58,1,45,9,32,10.16,5.42,Medium
566,31,Female,Instagram,2.16,9,15,10,6,13.32,7.84,Low
567,28,Male,Snapchat,5.52,2,66,11,27,13.04,4.48,Medium
568,29,Female,Facebook,1.31,8,10,6,9,10.620000000000001,8.69,Low
569,15,Male,Snapchat,6.33,9,75,12,56,21.66,3.67,High
570,17,Female,Facebook,7.63,4,106,30,45,19.259999999999998,2.37,Medium
571,30,Male,Twitter,3.38,8,47,13,23,14.76,6.62,Medium
572,25,Female,Facebook,4.62,9,32,9,41,18.240000000000002,5.38,Medium
573,26,Male,Snapchat,3.65,5,51,10,25,12.3,6.35,Medium
574,24,Male,Instagram,1.05,7,11,4,6,9.1,8.95,Low
575,30,Male,Facebook,3.7,4,48,18,25,11.4,6.3,Medium
576,22,Male,Twitter,6.54,1,52,32,32,14.08,3.46,Medium
577,20,Female,Facebook,5.17,3,62,31,41,13.34,4.83,Medium
578,26,Female,Facebook,1.71,5,11,11,6,8.42,8.29,Low
579,22,Male,Facebook,6.93,3,76,48,48,16.86,3.0700000000000003,Medium
580,18,Female,Twitter,4.72,7,33,33,23,16.439999999999998,5.28,Medium
581,22,Male,Snapchat,6.89,9,75,34,27,22.78,3.1100000000000003,High
582,32,Male,Facebook,5.06,6,70,30,45,16.119999999999997,4.94,Medium
583,19,Female,Facebook,4.92,1,68,34,19,10.84,5.08,Medium
584,23,Male,Instagram,1.74,7,17,12,15,10.48,8.26,Low
585,18,Male,Twitter,2.17,3,13,4,15,7.34,7.83,Low
586,31,Female,Facebook,7.8,5,54,15,39,20.6,2.2,Medium
587,23,Male,Twitter,2.6,4,26,5,20,9.2,7.4,Low
588,15,Male,Facebook,7.84,5,62,23,54,20.68,2.16,Medium
589,34,Male,Snapchat,4.72,5,47,33,42,14.44,5.28,Medium
590,27,Male,Snapchat,1.95,6,9,5,11,9.9,8.05,Low
591,30,Female,Facebook,1.7,6,23,10,6,9.4,8.3,Low
592,27,Female,Snapchat,2.46,8,12,12,17,12.92,7.54,Low
593,28,Female,Facebook,7.48,8,52,52,67,22.96,2.5199999999999996,High
594,17,Male,Snapchat,3.9,9,46,19,15,16.8,6.1,Medium
595,20,Male,Instagram,3.77,8,45,7,33,15.54,6.23,Medium
596,32,Female,Instagram,3.19,2,25,22,15,8.379999999999999,6.8100000000000005,Medium
597,33,Male,Instagram,2.03,1,20,8,6,5.06,7.970000000000001,Low
598,19,Male,Twitter,4.41,2,52,13,30,10.82,5.59,Medium
599,29,Male,Twitter,1.91,2,21,5,15,5.82,8.09,Low
600,16,Male,Instagram,6.85,3,75,47,47,16.7,3.1500000000000004,Medium
601,24,Female,Twitter,3.59,7,28,7,14,14.18,6.41,Medium
602,32,Female,Snapchat,3.62,2,47,10,18,9.24,6.38,Medium
603,27,Female,Facebook,4.32,1,60,8,38,9.64,5.68,Medium
604,19,Male,Facebook,4.11,6,41,24,24,14.22,5.89,Medium
605,15,Female,Facebook,7.96,9,55,39,63,24.92,2.04,High
606,15,Female,Instagram,4.82,3,43,19,24,12.64,5.18,Medium
607,32,Male,Twitter,1.62,6,14,8,11,9.24,8.379999999999999,Low
608,29,Male,Snapchat,5.25,3,47,26,31,13.5,4.75,Medium
609,31,Female,Snapchat,2.06,1,24,12,10,5.12,7.9399999999999995,Low
610,25,Female,Instagram,1.22,5,15,3,3,7.4399999999999995,8.78,Low
611,31,Female,Snapchat,7.8,4,101,31,62,19.6,2.2,Medium
612,27,Female,Snapchat,6.41,7,64,19,25,19.82,3.59,Medium
613,15,Male,Snapchat,7.86,6,78,55,39,21.72,2.1399999999999997,Medium
614,16,Female,Snapchat,4.35,7,56,21,21,15.7,5.65,Medium
615,23,Female,Twitter,4.73,5,37,33,14,14.46,5.27,Medium
616,17,Male,Snapchat,2.18,4,21,4,15,8.36,7.82,Low
617,15,Female,Facebook,2.73,7,21,13,24,12.46,7.27,Low
618,30,Male,Instagram,6.87,7,34,20,61,20.740000000000002,3.13,Medium
619,20,Male,Twitter,3.49,6,38,17,27,12.98,6.51,Medium
620,31,Male,Snapchat,6.79,8,95,13,54,21.58,3.21,High
621,19,Female,Twitter,5.96,4,59,35,23,15.92,4.04,Medium
622,19,Female,Snapchat,2.24,5,29,15,11,9.48,7.76,Low
623,20,Male,Facebook,4.55,4,50,31,27,13.1,5.45,Medium
624,17,Female,Instagram,5.74,1,63,17,28,12.48,4.26,Medium
625,19,Female,Snapchat,2.65,8,15,13,23,13.3,7.35,Low
626,19,Male,Snapchat,6.81,1,88,20,27,14.62,3.1900000000000004,Medium
627,24,Male,Snapchat,4.81,5,67,28,24,14.62,5.19,Medium
628,24,Female,Snapchat,2.16,6,28,10,6,10.32,7.84,Low
629,33,Male,Instagram,5.08,6,50,25,45,16.16,4.92,Medium
630,31,Female,Instagram,8.0,5,56,24,40,21.0,2.0,Medium
631,28,Female,Facebook,2.05,3,10,6,10,7.1,7.95,Low
632,23,Female,Instagram,6.72,5,53,13,60,18.439999999999998,3.2800000000000002,Medium
633,28,Female,Snapchat,2.45,8,17,14,14,12.9,7.55,Low
634,15,Male,Facebook,6.48,2,32,12,58,14.96,3.5199999999999996,Medium
635,33,Male,Facebook,6.14,6,42,42,18,18.28,3.8600000000000003,Medium
636,27,Male,Facebook,3.1,9,24,15,9,15.2,6.9,Medium
637,27,Male,Snapchat,3.28,8,39,9,16,14.559999999999999,6.720000000000001,Medium
638,18,Female,Twitter,6.55,8,85,32,52,21.1,3.45,High
639,15,Female,Snapchat,4.23,8,29,21,25,16.46,5.77,Medium
640,31,Male,Instagram,6.12,7,61,24,30,19.240000000000002,3.88,Medium
641,22,Female,Instagram,2.04,8,28,14,18,12.08,7.96,Low
642,16,Female,Snapchat,6.97,6,62,27,34,19.939999999999998,3.0300000000000002,Medium
643,22,Female,Snapchat,5.98,2,59,29,23,13.96,4.02,Medium
644,21,Male,Facebook,7.35,2,58,22,29,16.7,2.6500000000000004,Medium
645,16,Male,Snapchat,1.93,8,27,9,15,11.86,8.07,Low
646,17,Male,Facebook,5.15,1,51,36,30,11.3,4.85,Medium
647,32,Female,Instagram,5.19,6,57,20,36,16.380000000000003,4.81,Medium
648,26,Male,Facebook,3.47,6,45,10,13,12.940000000000001,6.529999999999999,Medium
649,15,Male,Snapchat,4.21,4,58,21,29,12.42,5.79,Medium
650,26,Male,Instagram,1.27,3,13,7,3,5.54,8.73,Low
651,19,Male,Twitter,6.22,3,62,43,24,15.44,3.7800000000000002,Medium
652,31,Male,Facebook,4.85,1,24,33,19,10.7,5.15,Medium
653,30,Male,Instagram,1.4,3,8,8,8,5.8,8.6,Low
654,29,Female,Facebook,5.77,4,28,28,46,15.54,4.23,Medium
655,29,Female,Instagram,4.27,5,55,29,29,13.54,5.73,Medium
656,19,Male,Instagram,1.24,3,17,3,11,5.48,8.76,Low
657,28,Male,Facebook,7.79,6,109,38,31,21.58,2.21,Medium
658,16,Female,Twitter,7.64,5,99,38,30,20.28,2.3600000000000003,Medium
659,25,Female,Instagram,4.59,3,50,18,27,12.18,5.41,Medium
660,33,Male,Instagram,1.66,6,9,11,9,9.32,8.34,Low
661,21,Male,Instagram,6.28,6,62,43,50,18.560000000000002,3.7199999999999998,Medium
662,20,Male,Twitter,4.44,8,35,26,31,16.880000000000003,5.56,Medium
663,16,Male,Twitter,3.12,2,15,12,9,8.24,6.88,Medium
664,20,Female,Snapchat,4.44,1,22,17,39,9.88,5.56,Medium
665,32,Male,Facebook,4.66,4,41,32,37,13.32,5.34,Medium
666,16,Male,Twitter,4.94,7,29,24,14,16.880000000000003,5.06,Medium
667,32,Male,Facebook,4.09,3,32,16,20,11.18,5.91,Medium
668,29,Male,Snapchat,5.24,3,26,31,20,13.48,4.76,Medium
669,33,Female,Facebook,7.43,5,59,29,52,19.86,2.5700000000000003,Medium
670,16,Female,Twitter,3.54,5,35,21,28,12.08,6.46,Medium
671,34,Female,Facebook,6.08,3,85,24,24,15.16,3.92,Medium
672,20,Male,Twitter,7.26,9,58,43,50,23.52,2.74,High
673,15,Male,Facebook,4.19,4,20,16,29,12.38,5.81,Medium
674,29,Female,Twitter,4.1,3,45,16,28,11.2,5.9,Medium
675,24,Male,Twitter,5.21,2,31,15,20,12.42,4.79,Medium
676,33,Male,Facebook,5.14,9,66,30,41,19.28,4.86,High
677,31,Female,Snapchat,6.65,4,46,39,59,17.3,3.3499999999999996,Medium
678,19,Female,Instagram,4.34,3,52,26,26,11.68,5.66,Medium
679,18,Female,Snapchat,7.97,7,95,15,31,22.939999999999998,2.0300000000000002,Medium
680,24,Female,Facebook,1.42,8,9,5,9,10.84,8.58,Low
681,31,Male,Snapchat,1.02,2,8,6,8,4.04,8.98,Low
682,24,Male,Twitter,5.48,7,32,38,49,17.96,4.52,Medium
683,31,Female,Instagram,3.09,5,24,6,15,11.18,6.91,Medium
684,34,Male,Facebook,2.68,5,34,8,8,10.36,7.32,Low
685,19,Female,Facebook,3.18,3,19,19,22,9.36,6.82,Medium
686,16,Female,Facebook,2.79,5,19,16,13,10.58,7.21,Low
687,20,Male,Instagram,1.22,2,9,2,7,4.4399999999999995,8.78,Low
688,16,Female,Twitter,7.8,4,70,31,70,19.6,2.2,Medium
689,27,Male,Facebook,2.55,6,12,17,22,11.1,7.45,Low
690,25,Male,Snapchat,6.14,1,67,18,42,13.28,3.8600000000000003,Medium
691,25,Male,Facebook,6.34,4,88,38,57,16.68,3.66,Medium
692,30,Male,Facebook,7.5,6,82,30,37,21.0,2.5,Medium
693,25,Female,Facebook,1.21,9,15,8,8,11.42,8.79,Low
694,33,Male,Facebook,7.1,2,56,49,28,16.2,2.9000000000000004,Medium
695,29,Female,Twitter,4.69,7,46,14,37,16.380000000000003,5.31,Medium
696,30,Female,Snapchat,5.43,6,32,27,27,16.86,4.57,Medium
697,25,Female,Twitter,5.51,2,44,38,44,13.02,4.49,Medium
698,30,Female,Snapchat,6.74,8,40,33,26,21.48,3.26,High
699,22,Male,Facebook,3.33,7,46,23,13,13.66,6.67,Medium
700,18,Male,Instagram,6.13,5,55,18,49,17.259999999999998,3.87,Medium
701,22,Female,Twitter,4.7,5,51,9,23,14.4,5.3,Medium
702,18,Female,Instagram,6.55,7,32,19,52,20.1,3.45,Medium
703,17,Male,Twitter,7.93,9,111,23,63,24.86,2.0700000000000003,High
704,17,Female,Facebook,2.4,9,33,4,7,13.8,7.6,Low
705,32,Male,Twitter,7.96,9,87,15,39,24.92,2.04,High
706,33,Female,Facebook,1.63,6,22,6,4,9.26,8.370000000000001,Low
707,33,Male,Twitter,1.02,6,10,7,7,8.04,8.98,Low
708,19,Female,Facebook,1.31,3,13,5,11,5.62,8.69,Low
709,32,Female,Facebook,3.39,1,40,6,27,7.78,6.609999999999999,Medium
710,24,Male,Snapchat,5.43,7,65,27,38,17.86,4.57,Medium
711,20,Female,Facebook,1.48,4,14,7,7,6.96,8.52,Low
712,15,Female,Snapchat,1.04,1,7,3,8,3.08,8.96,Low
713,19,Male,Facebook,7.56,8,68,45,68,23.119999999999997,2.4400000000000004,High
714,23,Female,Instagram,6.75,6,40,20,47,19.5,3.25,Medium
715,26,Male,Facebook,6.66,6,59,19,39,19.32,3.34,Medium
716,28,Male,Instagram,7.19,2,93,43,28,16.380000000000003,2.8099999999999996,Medium
717,16,Female,Instagram,5.9,1,82,41,47,12.8,4.1,Medium
718,31,Female,Facebook,1.73,2,8,3,15,5.46,8.27,Low
719,28,Female,Instagram,3.79,4,53,18,15,11.58,6.21,Medium
720,27,Female,Snapchat,6.06,2,54,18,18,14.12,3.9400000000000004,Medium
721,23,Female,Twitter,2.96,1,29,17,20,6.92,7.04,Low
722,29,Female,Facebook,5.81,7,63,23,17,18.619999999999997,4.19,Medium
723,29,Female,Instagram,1.17,8,15,3,10,10.34,8.83,Low
724,25,Male,Facebook,3.14,6,31,15,25,12.280000000000001,6.859999999999999,Medium
725,30,Female,Snapchat,4.84,4,43,9,19,13.68,5.16,Medium
726,31,Male,Facebook,5.42,6,59,16,21,16.84,4.58,Medium
727,18,Female,Facebook,5.04,3,25,15,35,13.08,4.96,Medium
728,15,Female,Instagram,5.88,8,52,41,47,19.759999999999998,4.12,High
729,22,Male,Snapchat,1.04,2,6,6,6,4.08,8.96,Low
730,31,Female,Twitter,1.71,5,13,6,10,8.42,8.29,Low
731,17,Female,Twitter,7.08,1,77,28,49,15.16,2.92,Medium
732,34,Male,Instagram,5.77,6,51,11,46,17.54,4.23,Medium
733,29,Female,Facebook,1.79,2,17,8,12,5.58,8.21,Low
734,29,Female,Instagram,6.89,4,41,13,55,17.78,3.1100000000000003,Medium
735,28,Female,Instagram,2.7,6,18,8,24,11.4,7.3,Low
736,28,Male,Instagram,4.35,8,47,13,39,16.7,5.65,Medium
737,16,Female,Facebook,2.02,8,12,8,6,12.04,7.98,Low
738,27,Female,Snapchat,5.97,6,59,29,41,17.939999999999998,4.03,Medium
739,28,Female,Instagram,5.67,4,51,34,45,15.34,4.33,Medium
740,33,Female,Facebook,2.48,8,34,12,14,12.96,7.52,Low
741,21,Male,Snapchat,7.04,8,35,21,56,22.08,2.96,High
742,17,Male,Instagram,3.81,1,53,22,34,8.620000000000001,6.1899999999999995,Medium
743,29,Female,Twitter,3.05,4,24,15,24,10.1,6.95,Medium
744,28,Female,Snapchat,2.07,4,12,10,14,8.14,7.93,Low
745,25,Male,Instagram,2.86,7,22,17,8,12.719999999999999,7.140000000000001,Low
746,29,Male,Snapchat,1.15,7,5,3,3,9.3,8.85,Low
747,27,Female,Snapchat,5.08,8,30,25,15,18.16,4.92,High
748,32,Male,Snapchat,6.9,5,82,41,20,18.8,3.0999999999999996,Medium
749,20,Female,Snapchat,4.84,7,48,33,43,16.68,5.16,Medium
750,17,Male,Snapchat,2.53,8,15,17,12,13.059999999999999,7.470000000000001,Low
751,33,Male,Snapchat,1.24,9,12,3,8,11.48,8.76,Low
752,29,Male,Instagram,2.5,3,35,15,10,8.0,7.5,Low
753,19,Male,Twitter,3.91,3,50,27,27,10.82,6.09,Medium
754,24,Female,Facebook,6.32,4,69,37,31,16.64,3.6799999999999997,Medium
755,21,Male,Snapchat,2.31,5,30,11,6,9.620000000000001,7.6899999999999995,Low
756,31,Male,Facebook,6.04,1,54,18,30,13.08,3.96,Medium
757,21,Female,Instagram,7.07,7,77,49,42,21.14,2.9299999999999997,Medium
758,26,Male,Snapchat,4.18,9,45,20,25,17.36,5.82,Medium
759,31,Male,Twitter,6.75,8,47,13,60,21.5,3.25,High
760,27,Female,Facebook,4.88,5,53,9,34,14.76,5.12,Medium
761,34,Male,Snapchat,5.46,4,27,16,38,14.92,4.54,Medium
762,18,Female,Instagram,4.68,7,60,32,18,16.36,5.32,Medium
763,24,Female,Twitter,4.24,5,59,29,38,13.48,5.76,Medium
764,17,Female,Facebook,2.64,7,26,18,10,12.280000000000001,7.359999999999999,Low
765,23,Female,Facebook,3.12,1,28,18,18,7.24,6.88,Medium
766,27,Male,Snapchat,3.03,1,33,15,9,7.06,6.970000000000001,Medium
767,32,Female,Twitter,4.94,3,44,34,24,12.88,5.06,Medium
768,29,Male,Twitter,1.84,2,25,9,7,5.68,8.16,Low
769,18,Male,Twitter,7.42,2,66,22,59,16.84,2.58,Medium
770,29,Male,Twitter,6.04,7,84,42,24,19.08,3.96,Medium
771,16,Male,Instagram,3.81,2,41,11,11,9.620000000000001,6.1899999999999995,Medium
772,29,Male,Twitter,2.11,4,29,14,6,8.219999999999999,7.890000000000001,Low
773,22,Male,Facebook,7.17,2,78,14,50,16.34,2.83,Medium
774,22,Male,Facebook,6.77,6,47,27,33,19.54,3.2300000000000004,Medium
775,31,Male,Instagram,6.05,8,42,18,18,20.1,3.95,High
776,26,Male,Facebook,2.9,4,40,20,26,9.8,7.1,Low
777,33,Male,Facebook,3.82,5,26,15,15,12.64,6.18,Medium
778,24,Female,Twitter,1.72,4,17,5,6,7.4399999999999995,8.28,Low
779,23,Female,Facebook,2.32,3,23,13,13,7.64,7.68,Low
780,19,Female,Instagram,6.48,5,45,45,19,17.96,3.5199999999999996,Medium
781,20,Male,Twitter,6.01,9,42,36,48,21.02,3.99,High
782,34,Female,Snapchat,5.15,8,61,10,36,18.3,4.85,High
783,16,Female,Twitter,7.27,8,87,50,36,22.54,2.7300000000000004,High
784,27,Female,Instagram,5.08,8,55,10,40,18.16,4.92,High
785,20,Male,Twitter,4.27,8,59,17,29,16.54,5.73,Medium
786,19,Male,Twitter,3.38,7,27,10,13,13.76,6.62,Medium
787,15,Male,Instagram,7.58,8,60,37,60,23.16,2.42,High
788,20,Male,Twitter,1.58,8,11,3,11,11.16,8.42,Low
789,20,Female,Instagram,7.52,8,67,37,30,23.04,2.4800000000000004,High
790,30,Female,Instagram,6.79,7,47,33,27,20.58,3.21,Medium
791,18,Female,Snapchat,1.91,1,22,5,7,4.82,8.09,Low
792,25,Female,Facebook,4.95,4,54,19,19,13.9,5.05,Medium
793,23,Male,Facebook,7.07,4,49,21,63,18.14,2.9299999999999997,Medium
794,17,Male,Twitter,5.0,5,65,35,20,15.0,5.0,Medium
795,33,Male,Twitter,7.35,6,66,14,44,20.7,2.6500000000000004,Medium
796,22,Female,Snapchat,7.6,4,98,38,60,19.2,2.4000000000000004,Medium
797,19,Male,Snapchat,3.96,2,43,11,27,9.92,6.04,Medium
798,18,Male,Snapchat,3.64,6,40,10,21,13.280000000000001,6.359999999999999,Medium
799,20,Female,Instagram,7.55,8,75,22,67,23.1,2.45,High
800,16,Female,Snapchat,5.73,8,34,11,34,19.46,4.27,High
801,34,Male,Snapchat,1.81,7,23,7,5,10.620000000000001,8.19,Low
802,25,Male,Twitter,1.3,6,13,3,3,8.6,8.7,Low
803,18,Male,Snapchat,4.95,2,59,9,14,11.9,5.05,Medium
804,29,Male,Instagram,7.51,7,37,37,37,22.02,2.49,Medium
805,20,Male,Instagram,6.91,5,62,48,20,18.82,3.09,Medium
806,31,Male,Twitter,5.73,6,28,34,40,17.46,4.27,Medium
807,20,Female,Snapchat,1.97,8,27,3,11,11.94,8.03,Low
808,33,Female,Snapchat,2.78,8,33,16,19,13.559999999999999,7.220000000000001,Low
809,16,Female,Instagram,7.13,3,85,21,57,17.259999999999998,2.87,Medium
810,29,Male,Snapchat,2.28,7,11,6,6,11.559999999999999,7.720000000000001,Low
811,25,Female,Snapchat,2.95,1,38,5,26,6.9,7.05,Low
812,22,Male,Snapchat,1.91,1,11,11,9,4.82,8.09,Low
813,33,Male,Facebook,5.73,7,74,17,45,18.46,4.27,Medium
814,27,Female,Twitter,7.61,9,38,38,68,24.22,2.3899999999999997,High
815,26,Male,Facebook,2.88,7,40,11,14,12.76,7.12,Low
816,19,Male,Twitter,4.33,5,56,17,34,13.66,5.67,Medium
817,20,Female,Instagram,5.44,8,43,16,32,18.880000000000003,4.56,High
818,18,Female,Snapchat,8.0,2,104,48,56,18.0,2.0,Medium
819,33,Female,Twitter,1.73,9,19,12,6,12.46,8.27,Low
820,34,Male,Facebook,4.49,6,44,13,31,14.98,5.51,Medium
821,15,Female,Snapchat,3.7,9,33,25,11,16.4,6.3,Medium
822,34,Female,Instagram,7.06,2,91,49,63,16.119999999999997,2.9400000000000004,Medium
823,31,Male,Twitter,4.33,3,25,25,17,11.66,5.67,Medium
824,26,Female,Twitter,1.78,8,10,12,8,11.56,8.22,Low
825,29,Female,Twitter,5.44,1,70,27,32,11.88,4.56,Medium
826,15,Female,Snapchat,6.4,7,44,38,38,19.8,3.5999999999999996,Medium
827,28,Male,Facebook,1.02,7,12,3,5,9.04,8.98,Low
828,20,Male,Facebook,7.01,1,91,35,21,15.02,2.99,Medium
829,19,Male,Twitter,2.3,9,27,4,11,13.6,7.7,Low
830,25,Male,Instagram,4.86,8,38,19,38,17.72,5.14,Medium
831,18,Female,Instagram,3.91,4,19,11,35,11.82,6.09,Medium
832,27,Male,Facebook,6.04,5,48,18,54,17.08,3.96,Medium
833,25,Male,Instagram,3.6,2,46,10,10,9.2,6.4,Medium
834,17,Female,Facebook,7.09,9,42,35,28,23.18,2.91,High
835,15,Female,Twitter,6.11,6,42,12,30,18.22,3.8899999999999997,Medium
836,20,Female,Facebook,5.53,3,77,33,16,14.06,4.47,Medium
837,32,Male,Facebook,6.57,7,78,13,59,20.14,3.4299999999999997,Medium
838,24,Male,Twitter,6.28,9,62,31,25,21.560000000000002,3.7199999999999998,High
839,19,Male,Instagram,1.25,3,15,3,6,5.5,8.75,Low
840,24,Female,Facebook,3.76,2,41,15,22,9.52,6.24,Medium
841,26,Female,Facebook,7.52,7,67,22,37,22.04,2.4800000000000004,Medium
842,16,Male,Twitter,1.88,7,24,11,13,10.76,8.120000000000001,Low
843,27,Female,Instagram,6.16,4,49,43,30,16.32,3.84,Medium
844,22,Female,Facebook,7.82,9,78,31,54,24.64,2.1799999999999997,High
845,16,Female,Twitter,1.37,8,8,4,5,10.74,8.629999999999999,Low
846,34,Male,Facebook,5.78,1,34,23,28,12.56,4.22,Medium
847,15,Female,Snapchat,4.28,1,25,29,17,9.56,5.72,Medium
848,19,Female,Twitter,5.05,5,70,10,20,15.1,4.95,Medium
849,23,Male,Instagram,1.6,6,17,8,14,9.2,8.4,Low
850,31,Male,Instagram,1.3,3,7,3,3,5.6,8.7,Low
851,23,Female,Instagram,5.67,9,34,34,22,20.34,4.33,High
852,25,Female,Instagram,6.76,6,87,13,27,19.52,3.24,Medium
853,29,Male,Facebook,6.47,4,71,19,58,16.939999999999998,3.5300000000000002,Medium
854,20,Male,Facebook,4.81,7,33,9,43,16.619999999999997,5.19,Medium
855,17,Female,Instagram,1.7,8,11,10,8,11.4,8.3,Low
856,31,Female,Instagram,5.82,9,64,17,52,20.64,4.18,High
857,19,Female,Instagram,2.69,6,24,18,13,11.379999999999999,7.3100000000000005,Low
858,26,Female,Facebook,7.38,6,103,51,44,20.759999999999998,2.62,Medium
859,32,Male,Instagram,6.87,8,68,41,61,21.740000000000002,3.13,High
860,28,Female,Instagram,5.97,5,71,23,17,16.939999999999998,4.03,Medium
861,25,Female,Snapchat,7.64,3,99,45,30,18.28,2.3600000000000003,Medium
862,23,Male,Snapchat,1.22,3,6,4,3,5.4399999999999995,8.78,Low
863,16,Female,Instagram,6.15,6,43,18,43,18.3,3.8499999999999996,Medium
864,26,Male,Twitter,3.31,2,36,13,29,8.620000000000001,6.6899999999999995,Medium
865,17,Female,Instagram,7.34,6,73,22,29,20.68,2.66,Medium
866,17,Female,Snapchat,2.87,6,31,8,8,11.74,7.13,Low
867,15,Male,Twitter,6.07,8,72,30,54,20.14,3.9299999999999997,High
868,22,Male,Twitter,7.14,7,71,21,64,21.28,2.8600000000000003,Medium
869,22,Female,Instagram,1.29,8,9,5,7,10.58,8.71,Low
870,25,Female,Snapchat,3.78,9,22,18,22,16.56,6.220000000000001,Medium
871,23,Female,Snapchat,6.34,6,69,31,25,18.68,3.66,Medium
872,19,Male,Twitter,4.18,3,20,12,29,11.36,5.82,Medium
873,28,Female,Instagram,2.87,3,20,17,17,8.74,7.13,Low
874,17,Male,Facebook,2.54,1,20,15,15,6.08,7.46,Low
875,19,Male,Facebook,1.92,5,9,13,13,8.84,8.08,Low
876,19,Female,Snapchat,7.0,4,63,35,21,18.0,3.0,Medium
877,33,Male,Facebook,5.03,9,70,15,30,19.060000000000002,4.97,High
878,28,Female,Snapchat,1.53,9,10,9,7,12.06,8.47,Low
879,18,Female,Snapchat,3.68,5,22,11,29,12.36,6.32,Medium
880,27,Female,Snapchat,3.57,4,24,10,28,11.14,6.43,Medium
881,24,Female,Facebook,2.27,7,27,11,13,11.54,7.73,Low
882,32,Female,Snapchat,4.05,6,40,28,12,14.1,5.95,Medium
883,22,Male,Twitter,3.32,4,36,16,29,10.64,6.68,Medium
884,22,Male,Instagram,3.39,2,33,6,10,8.780000000000001,6.609999999999999,Medium
885,21,Female,Instagram,6.17,1,61,37,24,13.34,3.83,Medium
886,22,Female,Snapchat,2.56,4,17,15,12,9.120000000000001,7.4399999999999995,Low
887,28,Male,Instagram,5.49,4,65,32,16,14.98,4.51,Medium
888,33,Male,Facebook,4.99,1,54,19,34,10.98,5.01,Medium
889,20,Male,Facebook,4.98,6,54,14,24,15.96,5.02,Medium
890,15,Male,Instagram,5.64,4,56,28,45,15.28,4.36,Medium
891,29,Female,Facebook,4.84,1,43,29,24,10.68,5.16,Medium
892,15,Female,Instagram,7.15,1,100,14,50,15.3,2.8499999999999996,Medium
893,31,Male,Instagram,5.73,1,68,34,34,12.46,4.27,Medium
894,15,Female,Instagram,4.83,8,43,33,33,17.66,5.17,Medium
895,29,Male,Snapchat,6.81,8,88,20,47,21.619999999999997,3.1900000000000004,High
896,16,Female,Instagram,5.24,2,68,15,31,12.48,4.76,Medium
897,28,Male,Snapchat,3.04,7,15,15,18,13.08,6.96,Medium
898,22,Female,Instagram,2.45,8,24,9,14,12.9,7.55,Low
899,22,Male,Instagram,2.07,8,22,10,12,12.14,7.93,Low
900,33,Male,Instagram,7.3,7,51,43,43,21.6,2.7,Medium
901,21,Female,Facebook,5.97,5,65,41,41,16.939999999999998,4.03,Medium
902,33,Male,Snapchat,7.56,1,83,15,30,16.119999999999997,2.4400000000000004,Medium
903,20,Female,Snapchat,5.22,9,31,26,20,19.439999999999998,4.78,High
904,20,Female,Instagram,4.31,7,47,17,12,15.62,5.69,Medium
905,17,Male,Instagram,1.42,2,7,7,5,4.84,8.58,Low
906,21,Female,Facebook,5.7,6,51,17,45,17.4,4.3,Medium
907,33,Female,Facebook,5.08,2,66,30,20,12.16,4.92,Medium
908,22,Female,Facebook,7.93,1,87,47,55,16.86,2.0700000000000003,Medium
909,24,Female,Snapchat,2.67,7,29,16,16,12.34,7.33,Low
910,34,Female,Snapchat,4.72,2,28,28,28,11.44,5.28,Medium
911,29,Male,Snapchat,5.56,2,66,33,50,13.12,4.44,Medium
912,29,Female,Instagram,5.51,5,38,33,49,16.02,4.49,Medium
913,15,Female,Snapchat,4.93,5,59,9,44,14.86,5.07,Medium
914,34,Female,Twitter,6.44,7,45,25,45,19.880000000000003,3.5599999999999996,Medium
915,21,Female,Twitter,2.43,1,34,14,19,5.86,7.57,Low
916,18,Female,Facebook,6.08,8,66,24,24,20.16,3.92,High
917,20,Male,Snapchat,5.34,3,32,37,37,13.68,4.66,Medium
918,15,Female,Twitter,7.27,4,58,43,21,18.54,2.7300000000000004,Medium
919,19,Male,Facebook,6.93,9,69,34,41,22.86,3.0700000000000003,High
920,15,Male,Snapchat,3.21,4,41,19,28,10.42,6.79,Medium
921,18,Male,Instagram,2.93,5,26,8,14,10.86,7.07,Low
922,16,Male,Twitter,7.87,7,102,15,23,22.740000000000002,2.13,Medium
923,24,Female,Instagram,4.69,4,42,23,42,13.38,5.31,Medium
924,19,Male,Snapchat,7.34,1,102,36,58,15.68,2.66,Medium
925,24,Male,Twitter,2.15,9,25,6,6,13.3,7.85,Low
926,15,Female,Snapchat,5.5,4,27,33,38,15.0,4.5,Medium
927,20,Female,Instagram,6.67,9,73,13,26,22.34,3.33,High
928,27,Female,Twitter,7.63,6,61,38,45,21.259999999999998,2.37,Medium
929,29,Male,Instagram,3.36,1,30,6,26,7.72,6.640000000000001,Medium
930,18,Female,Snapchat,6.07,3,60,30,48,15.14,3.9299999999999997,Medium
931,27,Female,Snapchat,4.77,2,42,28,23,11.54,5.23,Medium
932,34,Male,Instagram,1.42,9,7,9,4,11.84,8.58,Low
933,29,Female,Twitter,5.83,1,75,29,29,12.66,4.17,Medium
934,22,Female,Instagram,5.83,9,34,40,23,20.66,4.17,High
935,19,Female,Snapchat,7.51,9,97,37,67,24.02,2.49,High
936,29,Female,Instagram,4.48,8,62,17,17,16.96,5.52,Medium
937,18,Male,Snapchat,2.61,8,15,15,23,13.219999999999999,7.390000000000001,Low
938,26,Female,Instagram,1.31,1,17,3,6,3.62,8.69,Low
939,27,Female,Twitter,3.91,8,39,27,23,15.82,6.09,Medium
940,16,Male,Twitter,3.11,3,40,9,12,9.219999999999999,6.890000000000001,Medium
941,33,Female,Instagram,6.33,7,63,37,31,19.66,3.67,Medium
942,33,Male,Instagram,3.48,1,34,10,10,7.96,6.52,Medium
943,18,Female,Twitter,7.64,1,45,45,38,16.28,2.3600000000000003,Medium
944,18,Male,Snapchat,7.74,5,92,23,38,20.48,2.26,Medium
945,25,Male,Twitter,5.35,5,37,37,37,15.7,4.65,Medium
946,19,Male,Snapchat,7.5,8,82,30,30,23.0,2.5,High
947,34,Male,Instagram,6.33,7,56,18,37,19.66,3.67,Medium
948,25,Female,Instagram,4.83,8,33,33,28,17.66,5.17,Medium
949,24,Male,Snapchat,2.26,6,11,11,15,10.52,7.74,Low
950,22,Female,Instagram,4.21,6,50,25,37,14.42,5.79,Medium
951,20,Male,Snapchat,4.93,2,34,9,39,11.86,5.07,Medium
952,20,Male,Facebook,7.05,6,42,14,63,20.1,2.95,Medium
953,22,Male,Twitter,4.37,5,21,26,26,13.74,5.63,Medium
954,29,Female,Facebook,7.28,3,58,29,36,17.560000000000002,2.7199999999999998,Medium
955,28,Male,Snapchat,5.72,6,68,17,40,17.439999999999998,4.28,Medium
956,25,Female,Twitter,1.96,8,13,7,5,11.92,8.04,Low
957,26,Female,Snapchat,7.96,9,39,15,31,24.92,2.04,High
958,27,Female,Twitter,4.69,1,37,32,18,10.38,5.31,Medium
959,22,Female,Twitter,3.74,3,48,22,14,10.48,6.26,Medium
960,32,Female,Twitter,5.61,3,28,33,28,14.22,4.39,Medium
961,15,Female,Twitter,1.76,8,10,7,5,11.52,8.24,Low
962,29,Female,Snapchat,5.46,1,70,38,38,11.92,4.54,Medium
963,22,Female,Twitter,4.49,5,26,17,31,13.98,5.51,Medium
964,25,Female,Twitter,3.85,3,26,11,15,10.7,6.15,Medium
965,26,Male,Facebook,7.67,2,84,38,23,17.34,2.33,Medium
966,26,Male,Instagram,4.66,8,32,32,13,17.32,5.34,Medium
967,18,Male,Instagram,2.53,3,32,12,7,8.059999999999999,7.470000000000001,Low
968,30,Male,Facebook,4.21,7,42,12,25,15.42,5.79,Medium
969,18,Male,Facebook,7.44,1,52,37,44,15.88,2.5599999999999996,Medium
970,19,Female,Snapchat,2.23,6,28,4,8,10.46,7.77,Low
971,19,Female,Snapchat,2.5,3,12,12,7,8.0,7.5,Low
972,22,Female,Snapchat,1.09,8,15,3,8,10.18,8.91,Low
973,24,Female,Facebook,1.1,6,7,5,3,8.2,8.9,Low
974,31,Female,Facebook,6.81,2,34,40,47,15.62,3.1900000000000004,Medium
975,23,Female,Twitter,6.12,6,36,24,42,18.240000000000002,3.88,Medium
976,33,Female,Snapchat,3.49,7,41,6,13,13.98,6.51,Medium
977,28,Male,Snapchat,5.89,5,64,35,47,16.78,4.11,Medium
978,22,Male,Snapchat,3.77,3,22,22,11,10.54,6.23,Medium
979,23,Male,Instagram,7.67,4,46,23,69,19.34,2.33,Medium
980,25,Male,Twitter,7.77,4,101,31,62,19.54,2.2300000000000004,Medium
981,15,Female,Snapchat,3.75,6,37,15,15,13.5,6.25,Medium
982,28,Female,Snapchat,6.98,1,62,48,48,14.96,3.0199999999999996,Medium
983,19,Female,Snapchat,6.41,4,89,12,57,16.82,3.59,Medium
984,28,Male,Instagram,3.17,4,31,9,22,10.34,6.83,Medium
985,18,Female,Instagram,2.62,1,34,5,15,6.24,7.38,Low
986,15,Female,Facebook,4.21,9,46,29,16,17.42,5.79,Medium
987,33,Female,Twitter,6.47,4,90,32,25,16.939999999999998,3.5300000000000002,Medium
988,22,Male,Facebook,7.72,7,108,46,23,22.439999999999998,2.2800000000000002,Medium
989,29,Female,Twitter,6.35,3,82,12,19,15.7,3.6500000000000004,Medium
990,29,Male,Instagram,6.99,3,55,41,41,16.98,3.01,Medium
991,23,Male,Snapchat,5.22,8,31,15,46,18.439999999999998,4.78,High
992,23,Male,Facebook,6.85,8,82,34,34,21.7,3.1500000000000004,High
993,24,Male,Snapchat,6.49,1,51,19,51,13.98,3.51,Medium
994,34,Female,Facebook,3.64,2,47,18,18,9.280000000000001,6.359999999999999,Medium
995,23,Male,Instagram,4.86,8,38,24,24,17.72,5.14,Medium
996,17,Male,Instagram,6.63,1,79,39,26,14.26,3.37,Medium
997,34,Female,Instagram,1.32,8,17,3,10,10.64,8.68,Low
998,25,Female,Facebook,6.66,8,86,19,26,21.32,3.34,High
999,20,Male,Twitter,2.25,2,31,4,18,6.5,7.75,Low
1000,16,Female,Facebook,4.6,4,36,13,32,13.2,5.4,Medium
